Workbook

Sheet Executive_Summary
A1: LOGISTICS PERFORMANCE REPORT Online Channel Overview
B5: OVERVIEW METRICS | H5: PERFORMANCE ALERTS
C7: =_xlfn.CONCAT(KPI_Summary!$B$2, " Days") -> 4.53 Days | I7: =_xlfn.CONCAT(KPI_Summary!$B$4, " Days") -> TV and Video, 4.89 Days
C8: Overall Average Delivery Time | I8: Slowest Product Category
C10: =TEXT(KPI_Summary!$B$3, "0,000") -> 41,311 | I10: =_xlfn.CONCAT(KPI_Summary!$B$5, " Days") -> United Kingdom, Isle of Wight, 13.00 Days
C11: Total Quantity | I11: Slowest Destination
B29: Top 5 Slowest Shipping Destinations
B30: Country | E30: State | J30: Average Delivery Days | N30: Remarks
B31: =Geographic_Delays!E2 -> United Kingdom | E31: =Geographic_Delays!F2 -> Isle of Wight | J31: =Geographic_Delays!G2 -> 13 | N31: =Geographic_Delays!H2 -> Critical
B32: =Geographic_Delays!E3 -> United Kingdom | E32: =Geographic_Delays!F3 -> East Dorset | J32: =Geographic_Delays!G3 -> 11 | N32: =Geographic_Delays!H3 -> High Risk
B33: =Geographic_Delays!E4 -> United Kingdom | E33: =Geographic_Delays!F4 -> Reigate and Banstead | J33: =Geographic_Delays!G4 -> 10 | N33: =Geographic_Delays!H4 -> High Risk
B34: =Geographic_Delays!E5 -> United Kingdom | E34: =Geographic_Delays!F5 -> Selby | J34: =Geographic_Delays!G5 -> 10 | N34: =Geographic_Delays!H5 -> High Risk
B35: =Geographic_Delays!E6 -> France | E35: =Geographic_Delays!F6 -> Auvergne | J35: =Geographic_Delays!G6 -> 9 | N35: =Geographic_Delays!H6 -> Warning

Sheet KPI_Summary
A1: KPI Metric | B1: Value
A2: Overall Avg Delivery Lead Time | B2: 4.53
A3: Total Quantity | B3: 41311
A4: Slowest Category | B4: TV and Video, 4.89 | C4: =LEFT(B4, FIND("@", SUBSTITUTE(B4, ",", "@", LEN(B4) - LEN(SUBSTITUTE(B4, ",", "")))) - 1) -> TV and Video | D4: =TRIM(MID(B4,FIND("@",SUBSTITUTE(B4,",","@",LEN(B4)-LEN(SUBSTITUTE(B4,",",""))))+1,LEN(B4))) -> 4.89
A5: Slowest Destination | B5: United Kingdom, Isle of Wight, 13.00 | C5: =LEFT(B5, FIND("@", SUBSTITUTE(B5, ",", "@", LEN(B5) - LEN(SUBSTITUTE(B5, ",", "")))) - 1) -> United Kingdom, Isle of Wight | D5: =TRIM(MID(B5,FIND("@",SUBSTITUTE(B5,",","@",LEN(B5)-LEN(SUBSTITUTE(B5,",",""))))+1,LEN(B5))) -> 13.00

Sheet Category_Performance
A1: product_category | B1: average_delivery_lead_time
A2: TV and Video | B2: 4.89
A3: Home Appliances | B3: 4.77
A4: Music, Movies and Audio Books | B4: 4.59
A5: Cameras and camcorders | B5: 4.56
A6: Audio | B6: 4.53
A7: Games and Toys | B7: 4.45
A8: Computers | B8: 4.44
A9: Cell phones | B9: 4.39

Sheet Geographic_Delays
A1: customer_country | B1: customer_state | C1: average_delivery_lead_time
A2: United Kingdom | B2: Isle of Wight | C2: 13 | E2: {=INDEX(A$2:A$386, ROW(A1))} -> United Kingdom | F2: {=INDEX(B$2:B$386, ROW(A1))} -> Isle of Wight | G2: {=INDEX(C$2:C$386, ROW(A1))} -> 13 | H2: =IF(C2>=12, "Critical", IF(C2>=10, "High Risk", "Warning")) -> Critical
A3: United Kingdom | B3: East Dorset | C3: 11 | E3: {=INDEX(A$2:A$386, ROW(A2))} -> United Kingdom | F3: {=INDEX(B$2:B$386, ROW(A2))} -> East Dorset | G3: {=INDEX(C$2:C$386, ROW(A2))} -> 11 | H3: =IF(C3>=12, "Critical", IF(C3>=10, "High Risk", "Warning")) -> High Risk
A4: United Kingdom | B4: Reigate and Banstead | C4: 10 | E4: {=INDEX(A$2:A$386, ROW(A3))} -> United Kingdom | F4: {=INDEX(B$2:B$386, ROW(A3))} -> Reigate and Banstead | G4: {=INDEX(C$2:C$386, ROW(A3))} -> 10 | H4: =IF(C4>=12, "Critical", IF(C4>=10, "High Risk", "Warning")) -> High Risk
A5: United Kingdom | B5: Selby | C5: 10 | E5: {=INDEX(A$2:A$386, ROW(A4))} -> United Kingdom | F5: {=INDEX(B$2:B$386, ROW(A4))} -> Selby | G5: {=INDEX(C$2:C$386, ROW(A4))} -> 10 | H5: =IF(C5>=12, "Critical", IF(C5>=10, "High Risk", "Warning")) -> High Risk
A6: France | B6: Auvergne | C6: 9 | E6: {=INDEX(A$2:A$386, ROW(A5))} -> France | F6: {=INDEX(B$2:B$386, ROW(A5))} -> Auvergne | G6: {=INDEX(C$2:C$386, ROW(A5))} -> 9 | H6: =IF(C6>=12, "Critical", IF(C6>=10, "High Risk", "Warning")) -> Warning
A7: United Kingdom | B7: Plymouth | C7: 9
A8: Italy | B8: Padova | C8: 8.67
A9: Italy | B9: Modena | C9: 8
A10: United Kingdom | B10: Ripon | C10: 8
A11: United Kingdom | B11: Bridgend | C11: 8
A12: United Kingdom | B12: Sheffield | C12: 8
A13: United Kingdom | B13: South Holland | C13: 8
A14: United Kingdom | B14: Preston | C14: 8
A15: United Kingdom | B15: Mendip | C15: 8
A16: United Kingdom | B16: East Devon | C16: 8
A17: Italy | B17: Livorno | C17: 8
A18: United Kingdom | B18: Peterborough | C18: 7.8
... A386: United Kingdom | B386: South Gloucestershire | C386: 1

Sheet Quantity_Impact
A1: quantity | B1: average_delivery_lead_time
A2: 1 | B2: 4.51
A3: 2 | B3: 4.57
A4: 3 | B4: 4.55
A5: 4 | B5: 4.49
A6: 5 | B6: 4.45
A7: 6 | B7: 4.5
A8: 7 | B8: 4.51
A9: 8 | B9: 4.57
A10: 9 | B10: 4.62
A11: 10 | B11: 4.63
